<projects>
	<labs>
		<lab>
			<lab-name>
				Lab 1
			</lab-name>
			<lab-description>
				Lab 1 description goes here
			</lab-description>
			<lab-url>
				projects/labs/lab1
			</lab-url>
		</lab>
		
		<lab>
			<lab-name>
				Lab 2
			</lab-name>
			<lab-description>
				Lab 2 description goes here
			</lab-description>
			<lab-url>
				projects/labs/lab2/andrewaquino-lab2part3.html
			</lab-url>
		</lab>
		
		<lab>
			<lab-name>
				Lab 3
			</lab-name>
			<lab-description>
				Lab 3 description goes here
			</lab-description>
			<lab-url>
				projects/labs/lab3/lab3.html
			</lab-url>
		</lab>
		
		<lab>
			<lab-name>
				Lab 4
			</lab-name>
			<lab-description>
				Lab 4 description goes here
			</lab-description>
			<lab-url>
				Lab 4 url goes here
			</lab-url>
		</lab>
	</labs>
	
	<homeworks>
		<homework>
			<homework-name>
				Homework 1
			</homework-name>
			<homework-description>
				Homework 1 description goes here
			</homework-description>
			<homework-url>
				projects/homeworks/homework1/hw1.html
			</homework-url>
		</homework>
	</homeworks>
	
	<classworks>
		<classwork>
			<classwork-name>
				HTML E-mail Signature
			</classwork-name>
			<classwork-description>
				I'll probably use this as a footer.
			</classwork-description>
			<classwork-url>
				projects/classwork/signature/signature.html
			</classwork-url>
		</classwork>
	</classworks>
</projects>